Country,1990.0,1991.0,1992.0,1993.0,1994.0,1995.0,1996.0,1997.0,1998.0,1999.0,2000.0,2001.0,2002.0,2003.0,2004.0,2005.0,2006.0,2007.0,2008.0,2009.0,2010.0,2011.0,2012.0,2013.0,2014.0,2015.0,2016.0,2017.0,2018.0,2019.0
Austria,112800000.0,123480000.0,132360000.0,110160000.0,85020000.0,73860000.0,72600000.0,77640000.0,77580000.0,90000000.0,75420000.0,85920000.0,86820000.0,80160000.0,92280000.0,94620000.0,96060000.0,118080000.0,114060000.0,78540000.0,82140000.0,87120000.0,93540000.0,93300000.0,91500000.0,90780000.0,89700000.0,87600000.0,85740000.0,86880000.0
Belgium,0.0,0.0,0.0,0.0,0.0,0.0,0.0,0.0,0.0,180180000.0,209460000.0,192540000.0,227520000.0,229080000.0,238080000.0,243780000.0,276300000.0,240840000.0,407520000.0,354960000.0,355440000.0,349680000.0,340080000.0,330120000.0,312720000.0,332040000.0,363120000.0,340620000.0,344520000.0,371940000.0
Belgium/Luxembourg,120900000.0,104760000.0,109680000.0,123780000.0,135720000.0,144060000.0,151560000.0,152640000.0,214800000.0,0.0,0.0,0.0,0.0,0.0,0.0,0.0,0.0,0.0,0.0,0.0,0.0,0.0,0.0,0.0,0.0,0.0,0.0,0.0,0.0,0.0
Bulgaria,16080000.0,12000000.0,10920000.0,23820000.0,27780000.0,30900000.0,16320000.0,17640000.0,20520000.0,22020000.0,16860000.0,21300000.0,20580000.0,24000000.0,22020000.0,26460000.0,26100000.0,23580000.0,31020000.0,31380000.0,31680000.0,28920000.0,33600000.0,36540000.0,37260000.0,40920000.0,46740000.0,42420000.0,44220000.0,47100000.0
Croatia,0.0,0.0,10080000.0,9780000.0,11580000.0,19200000.0,19320000.0,23100000.0,20340000.0,21120000.0,20640000.0,21120000.0,22260000.0,23580000.0,23280000.0,23520000.0,24240000.0,24840000.0,24300000.0,23640000.0,23640000.0,23460000.0,23040000.0,24780000.0,25200000.0,26220000.0,28740000.0,26340000.0,26760000.0,27960000.0
Cyprus,3000000.0,3240000.0,2460000.0,4620000.0,3120000.0,2640000.0,3120000.0,2460000.0,3000000.0,3300000.0,4140000.0,3540000.0,3420000.0,3540000.0,3540000.0,4800000.0,4440000.0,4260000.0,4680000.0,4320000.0,4620000.0,4920000.0,5040000.0,5640000.0,5640000.0,5340000.0,5580000.0,6000000.0,7980000.0,7980000.0
Czechia,39540000.0,31500000.0,28500000.0,30840000.0,33240000.0,33180000.0,31500000.0,33600000.0,45900000.0,43680000.0,48540000.0,53940000.0,53280000.0,58440000.0,55740000.0,63780000.0,56400000.0,62220000.0,62220000.0,55800000.0,57060000.0,57120000.0,67620000.0,71040000.0,109380000.0,124080000.0,106740000.0,90420000.0,114180000.0,96540000.0
Denmark,57540000.0,58980000.0,63720000.0,59640000.0,61980000.0,52620000.0,60360000.0,56940000.0,60840000.0,65640000.0,61320000.0,66180000.0,64560000.0,60120000.0,67140000.0,59580000.0,60240000.0,59700000.0,54000000.0,51600000.0,60900000.0,54540000.0,54780000.0,55260000.0,51180000.0,50460000.0,54360000.0,51120000.0,52080000.0,54480000.0
Estonia,0.0,0.0,960000.0,3060000.0,4980000.0,6420000.0,7020000.0,8460000.0,8100000.0,7860000.0,6300000.0,9660000.0,7200000.0,8040000.0,10560000.0,13260000.0,15240000.0,16620000.0,20040000.0,21420000.0,15780000.0,10020000.0,9420000.0,9360000.0,7860000.0,7560000.0,8100000.0,7980000.0,8820000.0,8880000.0
Finland,65700000.0,61980000.0,63300000.0,78060000.0,81660000.0,46140000.0,59520000.0,71160000.0,70080000.0,72540000.0,63780000.0,65040000.0,64500000.0,66300000.0,69120000.0,69360000.0,70080000.0,72420000.0,77100000.0,74580000.0,76440000.0,77220000.0,74280000.0,76500000.0,72780000.0,79260000.0,83340000.0,81600000.0,77100000.0,90900000.0
France,378060000.0,393180000.0,396720000.0,380040000.0,382140000.0,372840000.0,399600000.0,402240000.0,394560000.0,400560000.0,391200000.0,405180000.0,415500000.0,399120000.0,356400000.0,342840000.0,371460000.0,385200000.0,375120000.0,400200000.0,403020000.0,419520000.0,410460000.0,402780000.0,426720000.0,408540000.0,404280000.0,418020000.0,457440000.0,479580000.0
Germany,820260000.0,793740000.0,827340000.0,846420000.0,814980000.0,771120000.0,810420000.0,834300000.0,824400000.0,859200000.0,833700000.0,885180000.0,930960000.0,943620000.0,1041360000.0,1002960000.0,1112580000.0,1173840000.0,1192560000.0,1164960000.0,1236180000.0,1255560000.0,1308960000.0,1270440000.0,1324680000.0,1278960000.0,1342080000.0,1305900000.0,1328820000.0,1345920000.0
Greece,38520000.0,24420000.0,20940000.0,22500000.0,30120000.0,31380000.0,45960000.0,47340000.0,42240000.0,43980000.0,47880000.0,52080000.0,53820000.0,59880000.0,56520000.0,55860000.0,53820000.0,64860000.0,63360000.0,62760000.0,63660000.0,69300000.0,74640000.0,76140000.0,74040000.0,72600000.0,95040000.0,52020000.0,69600000.0,74760000.0
Hungary,34440000.0,38460000.0,31320000.0,40080000.0,46260000.0,31200000.0,36180000.0,40500000.0,42960000.0,45720000.0,47400000.0,49980000.0,49680000.0,51840000.0,58620000.0,51120000.0,54060000.0,53640000.0,48660000.0,42240000.0,43620000.0,38400000.0,44880000.0,33420000.0,49980000.0,42840000.0,43500000.0,43320000.0,46740000.0,46380000.0
Ireland,7740000.0,7080000.0,5700000.0,6660000.0,7860000.0,6900000.0,5880000.0,6360000.0,6120000.0,8520000.0,9300000.0,10800000.0,10620000.0,13620000.0,15840000.0,15060000.0,15120000.0,15960000.0,7620000.0,8520000.0,9900000.0,12600000.0,15120000.0,13980000.0,17520000.0,21420000.0,24180000.0,25620000.0,26400000.0,26280000.0
Italy,314520000.0,277800000.0,275700000.0,335640000.0,333240000.0,323280000.0,336480000.0,344580000.0,353340000.0,356580000.0,378900000.0,392520000.0,391380000.0,415740000.0,421920000.0,436140000.0,452880000.0,481680000.0,490320000.0,484680000.0,494160000.0,501300000.0,521460000.0,529380000.0,561000000.0,559680000.0,613440000.0,601200000.0,638340000.0,654840000.0
Japan,319800000.0,330600000.0,319560000.0,341460000.0,373020000.0,329340000.0,359640000.0,355260000.0,361620000.0,392820000.0,414480000.0,419760000.0,438420000.0,415380000.0,435240000.0,444480000.0,457920000.0,425160000.0,423600000.0,425400000.0,444420000.0,452640000.0,421500000.0,502860000.0,459420000.0,483780000.0,481560000.0,458820000.0,452400000.0,482400000.0
Latvia,0.0,0.0,1200000.0,3600000.0,1380000.0,1800000.0,3960000.0,8640000.0,9540000.0,10980000.0,10860000.0,9360000.0,9840000.0,11160000.0,11280000.0,11460000.0,13260000.0,9060000.0,9240000.0,7920000.0,8280000.0,8460000.0,9420000.0,9660000.0,12780000.0,12120000.0,13860000.0,13740000.0,14580000.0,14100000.0
Lithuania,0.0,0.0,120000.0,540000.0,2820000.0,6780000.0,9000000.0,11220000.0,11100000.0,12360000.0,12780000.0,16020000.0,15780000.0,13260000.0,15360000.0,17040000.0,19020000.0,20160000.0,23400000.0,24660000.0,22560000.0,17340000.0,20220000.0,21720000.0,23760000.0,25680000.0,29940000.0,25920000.0,26460000.0,28440000.0
Luxembourg,0.0,0.0,0.0,0.0,0.0,0.0,0.0,0.0,0.0,8700000.0,13920000.0,12600000.0,15180000.0,17340000.0,18960000.0,19860000.0,20160000.0,21600000.0,21060000.0,19800000.0,20940000.0,19560000.0,19380000.0,22680000.0,24780000.0,22560000.0,23640000.0,22800000.0,25980000.0,24120000.0
Malta,1260000.0,960000.0,1080000.0,1380000.0,780000.0,1380000.0,540000.0,540000.0,600000.0,540000.0,540000.0,540000.0,600000.0,660000.0,960000.0,960000.0,1740000.0,960000.0,1380000.0,840000.0,720000.0,1020000.0,1260000.0,1320000.0,1500000.0,960000.0,1140000.0,1020000.0,1140000.0,1380000.0
Netherlands,187680000.0,187260000.0,192300000.0,168240000.0,168000000.0,174600000.0,185040000.0,175440000.0,171720000.0,153960000.0,177960000.0,167640000.0,165600000.0,190560000.0,189540000.0,179280000.0,197580000.0,211860000.0,138240000.0,150120000.0,154980000.0,160680000.0,163800000.0,204420000.0,240960000.0,250560000.0,286860000.0,304080000.0,331200000.0,321240000.0
Norway,44520000.0,45660000.0,44340000.0,41580000.0,48360000.0,39720000.0,43200000.0,41040000.0,42420000.0,47400000.0,39720000.0,42960000.0,41880000.0,41460000.0,42960000.0,45180000.0,43860000.0,46800000.0,43320000.0,43440000.0,45540000.0,47700000.0,44100000.0,46860000.0,44580000.0,48000000.0,47940000.0,48060000.0,44580000.0,47160000.0
Poland,26100000.0,15000000.0,107220000.0,100200000.0,110580000.0,106260000.0,115440000.0,135180000.0,137580000.0,144240000.0,154560000.0,163140000.0,158580000.0,159840000.0,161220000.0,167520000.0,159240000.0,135840000.0,147600000.0,189720000.0,196740000.0,204240000.0,212580000.0,197040000.0,193740000.0,219960000.0,229620000.0,239940000.0,259500000.0,267120000.0
Portugal,33120000.0,33420000.0,35460000.0,39960000.0,39840000.0,37980000.0,44580000.0,43620000.0,45720000.0,49020000.0,48660000.0,50580000.0,50280000.0,50040000.0,50280000.0,49860000.0,51720000.0,54660000.0,53100000.0,53220000.0,60600000.0,63480000.0,64560000.0,63780000.0,63600000.0,62640000.0,67680000.0,65640000.0,68400000.0,73200000.0
Romania,26520000.0,20100000.0,36180000.0,25500000.0,20820000.0,33060000.0,41820000.0,37860000.0,35700000.0,30660000.0,33120000.0,37980000.0,44280000.0,45300000.0,49680000.0,52440000.0,51240000.0,50400000.0,49560000.0,48660000.0,50340000.0,50640000.0,54180000.0,58260000.0,57480000.0,60720000.0,68040000.0,69300000.0,70440000.0,69900000.0
Russian Federation,0.0,0.0,82920000.0,107700000.0,103560000.0,103680000.0,67680000.0,131100000.0,103920000.0,82080000.0,113400000.0,183420000.0,210240000.0,226320000.0,192300000.0,200160000.0,207900000.0,259080000.0,243180000.0,213180000.0,249300000.0,253080000.0,250500000.0,264600000.0,284820000.0,282600000.0,313980000.0,328080000.0,317280000.0,355020000.0
Slovakia,0.0,0.0,0.0,17280000.0,15420000.0,15000000.0,15660000.0,15180000.0,15540000.0,16140000.0,17160000.0,19020000.0,18000000.0,18180000.0,17880000.0,18480000.0,20820000.0,30480000.0,36660000.0,27480000.0,39300000.0,46620000.0,46320000.0,47880000.0,55140000.0,54600000.0,54360000.0,43380000.0,53400000.0,46380000.0
Slovenia,0.0,0.0,7380000.0,9120000.0,9540000.0,8880000.0,10500000.0,10260000.0,10440000.0,10920000.0,11220000.0,11640000.0,12060000.0,10620000.0,11760000.0,11460000.0,11220000.0,12300000.0,12300000.0,12600000.0,13080000.0,13380000.0,13260000.0,15480000.0,16140000.0,16320000.0,19380000.0,24060000.0,33000000.0,37200000.0
Spain,183180000.0,178200000.0,204840000.0,168780000.0,181680000.0,188760000.0,210900000.0,226620000.0,223080000.0,239160000.0,226080000.0,243480000.0,241560000.0,248160000.0,250380000.0,261360000.0,272280000.0,292500000.0,291840000.0,288660000.0,302040000.0,289260000.0,305640000.0,308220000.0,324360000.0,325740000.0,339600000.0,324840000.0,340380000.0,359040000.0
Sweden,106020000.0,103020000.0,106320000.0,105420000.0,113580000.0,85200000.0,91320000.0,88380000.0,86400000.0,87360000.0,80640000.0,85920000.0,87780000.0,86100000.0,89700000.0,101580000.0,109200000.0,106200000.0,108240000.0,99540000.0,103620000.0,98820000.0,100800000.0,102540000.0,131880000.0,127260000.0,141000000.0,138360000.0,135720000.0,140880000.0
Switzerland,70260000.0,67800000.0,66060000.0,63600000.0,65940000.0,61020000.0,66720000.0,58260000.0,66720000.0,68340000.0,70260000.0,75300000.0,73020000.0,79320000.0,74160000.0,98460000.0,90180000.0,109380000.0,118680000.0,126060000.0,139080000.0,149880000.0,148680000.0,160020000.0,158580000.0,164880000.0,168960000.0,174240000.0,185160000.0,193680000.0
Tunisia,6060000.0,5400000.0,6660000.0,6060000.0,8220000.0,8220000.0,8640000.0,9900000.0,8820000.0,11160000.0,11520000.0,13980000.0,14160000.0,7380000.0,15840000.0,11400000.0,12540000.0,15180000.0,19080000.0,17340000.0,18240000.0,25740000.0,26340000.0,26340000.0,27600000.0,27540000.0,27960000.0,32760000.0,31980000.0,30480000.0
United Kingdom,173880000.0,168360000.0,185280000.0,191820000.0,207960000.0,168420000.0,174180000.0,175740000.0,188520000.0,174420000.0,180720000.0,183720000.0,178260000.0,180120000.0,199740000.0,205980000.0,242760000.0,226860000.0,238020000.0,247860000.0,258120000.0,250980000.0,247560000.0,252360000.0,259140000.0,293700000.0,303120000.0,299340000.0,341280000.0,333240000.0
United States of America,1260420000.0,1190400000.0,1376340000.0,1159740000.0,970260000.0,1026420000.0,1166700000.0,1220580000.0,1261800000.0,1364760000.0,1426020000.0,1284900000.0,1298340000.0,1365600000.0,1391040000.0,1382520000.0,1422540000.0,1453140000.0,1456620000.0,1414680000.0,1462680000.0,1565580000.0,1563360000.0,1620960000.0,1653900000.0,1662480000.0,1730280000.0,1769280000.0,1735080000.0,1851240000.0
