Country,Coffee type,Metric,Year,value,is_imputed,population
Viet Nam,Robusta/Arabica,domestic_consumption_kg,1990.0,9000000.0,False,65504552.0
Viet Nam,Robusta/Arabica,domestic_consumption_kg,1991.0,13800000.0,False,66891775.0
Viet Nam,Robusta/Arabica,domestic_consumption_kg,1992.0,15000000.0,False,68260337.0
Viet Nam,Robusta/Arabica,domestic_consumption_kg,1993.0,16020000.0,False,69586384.0
Viet Nam,Robusta/Arabica,domestic_consumption_kg,1994.0,16020000.0,False,70854391.0
Viet Nam,Robusta/Arabica,domestic_consumption_kg,1995.0,16910700.0,False,72049940.0
Viet Nam,Robusta/Arabica,domestic_consumption_kg,1996.0,17850960.0,False,73156447.0
Viet Nam,Robusta/Arabica,domestic_consumption_kg,1997.0,18843480.0,False,74226889.0
Viet Nam,Robusta/Arabica,domestic_consumption_kg,1998.0,19891140.0,False,75299660.0
Viet Nam,Robusta/Arabica,domestic_consumption_kg,1999.0,21000000.0,False,76287452.0
Viet Nam,Robusta/Arabica,domestic_consumption_kg,2000.0,24097500.0,False,77154011.0
Viet Nam,Robusta/Arabica,domestic_consumption_kg,2001.0,27651900.0,False,77969361.0
Viet Nam,Robusta/Arabica,domestic_consumption_kg,2002.0,31130520.0,False,78772224.0
Viet Nam,Robusta/Arabica,domestic_consumption_kg,2003.0,36410760.0,False,79563777.0
Viet Nam,Robusta/Arabica,domestic_consumption_kg,2004.0,41781360.0,False,80338971.0
Viet Nam,Robusta/Arabica,domestic_consumption_kg,2005.0,48000000.0,False,81088313.0
Viet Nam,Robusta/Arabica,domestic_consumption_kg,2006.0,55020000.0,False,82167897.0
Viet Nam,Robusta/Arabica,domestic_consumption_kg,2007.0,56280000.0,False,83633375.0
Viet Nam,Robusta/Arabica,domestic_consumption_kg,2008.0,61260000.0,False,85175788.0
Viet Nam,Robusta/Arabica,domestic_consumption_kg,2009.0,72480000.0,False,86460018.0
Viet Nam,Robusta/Arabica,domestic_consumption_kg,2010.0,94980000.0,False,87455152.0
Viet Nam,Robusta/Arabica,domestic_consumption_kg,2011.0,99000000.0,False,88468314.0
Viet Nam,Robusta/Arabica,domestic_consumption_kg,2012.0,109500000.0,False,89510356.0
Viet Nam,Robusta/Arabica,domestic_consumption_kg,2013.0,120000000.0,False,90573104.0
Viet Nam,Robusta/Arabica,domestic_consumption_kg,2014.0,132000000.0,False,91679578.0
Viet Nam,Robusta/Arabica,domestic_consumption_kg,2015.0,138000000.0,False,92823254.0
Viet Nam,Robusta/Arabica,domestic_consumption_kg,2016.0,144000000.0,False,94000117.0
Viet Nam,Robusta/Arabica,domestic_consumption_kg,2017.0,150000000.0,False,95176977.0
Viet Nam,Robusta/Arabica,domestic_consumption_kg,2018.0,156000000.0,False,96237319.0
Viet Nam,Robusta/Arabica,domestic_consumption_kg,2019.0,159000000.0,False,97173776.0
Viet Nam,,export_kg,1990.0,68700000.0,False,65504552.0
Viet Nam,,export_kg,1991.0,72060000.0,False,66891775.0
Viet Nam,,export_kg,1992.0,116280000.0,False,68260337.0
Viet Nam,,export_kg,1993.0,124320000.0,False,69586384.0
Viet Nam,,export_kg,1994.0,163260000.0,False,70854391.0
Viet Nam,,export_kg,1995.0,212760000.0,False,72049940.0
Viet Nam,,export_kg,1996.0,226740000.0,False,73156447.0
Viet Nam,,export_kg,1997.0,370680000.0,False,74226889.0
Viet Nam,,export_kg,1998.0,388020000.0,False,75299660.0
Viet Nam,,export_kg,1999.0,463620000.0,False,76287452.0
Viet Nam,,export_kg,2000.0,697080000.0,False,77154011.0
Viet Nam,,export_kg,2001.0,846360000.0,False,77969361.0
Viet Nam,,export_kg,2002.0,706260000.0,False,78772224.0
Viet Nam,,export_kg,2003.0,697860000.0,False,79563777.0
Viet Nam,,export_kg,2004.0,891540000.0,False,80338971.0
Viet Nam,,export_kg,2005.0,805920000.0,False,81088313.0
Viet Nam,,export_kg,2006.0,834300000.0,False,82167897.0
Viet Nam,,export_kg,2007.0,1076160000.0,False,83633375.0
Viet Nam,,export_kg,2008.0,966060000.0,False,85175788.0
Viet Nam,,export_kg,2009.0,1023120000.0,False,86460018.0
Viet Nam,,export_kg,2010.0,853740000.0,False,87455152.0
Viet Nam,,export_kg,2011.0,1063020000.0,False,88468314.0
Viet Nam,,export_kg,2012.0,1375200000.0,False,89510356.0
Viet Nam,,export_kg,2013.0,1183080000.0,False,90573104.0
Viet Nam,,export_kg,2014.0,1565820000.0,False,91679578.0
Viet Nam,,export_kg,2015.0,1316640000.0,False,92823254.0
Viet Nam,,export_kg,2016.0,1783260000.0,False,94000117.0
Viet Nam,,export_kg,2017.0,1505520000.0,False,95176977.0
Viet Nam,,export_kg,2018.0,1883100000.0,False,96237319.0
Viet Nam,,export_kg,2019.0,1644000000.0,False,97173776.0
Viet Nam,Robusta/Arabica,production_kg,1990.0,78600000.0,False,65504552.0
Viet Nam,Robusta/Arabica,production_kg,1991.0,86280000.0,False,66891775.0
Viet Nam,Robusta/Arabica,production_kg,1992.0,140400000.0,False,68260337.0
Viet Nam,Robusta/Arabica,production_kg,1993.0,181200000.0,False,69586384.0
Viet Nam,Robusta/Arabica,production_kg,1994.0,217920000.0,False,70854391.0
Viet Nam,Robusta/Arabica,production_kg,1995.0,238200000.0,False,72049940.0
Viet Nam,Robusta/Arabica,production_kg,1996.0,345120000.0,False,73156447.0
Viet Nam,Robusta/Arabica,production_kg,1997.0,418740000.0,False,74226889.0
Viet Nam,Robusta/Arabica,production_kg,1998.0,423120000.0,False,75299660.0
Viet Nam,Robusta/Arabica,production_kg,1999.0,697860000.0,False,76287452.0
Viet Nam,Robusta/Arabica,production_kg,2000.0,890460000.0,False,77154011.0
Viet Nam,Robusta/Arabica,production_kg,2001.0,785580000.0,False,77969361.0
Viet Nam,Robusta/Arabica,production_kg,2002.0,694440000.0,False,78772224.0
Viet Nam,Robusta/Arabica,production_kg,2003.0,920220000.0,False,79563777.0
Viet Nam,Robusta/Arabica,production_kg,2004.0,862200000.0,False,80338971.0
Viet Nam,Robusta/Arabica,production_kg,2005.0,830520000.0,False,81088313.0
Viet Nam,Robusta/Arabica,production_kg,2006.0,1160400000.0,False,82167897.0
Viet Nam,Robusta/Arabica,production_kg,2007.0,984300000.0,False,83633375.0
Viet Nam,Robusta/Arabica,production_kg,2008.0,1106280000.0,False,85175788.0
Viet Nam,Robusta/Arabica,production_kg,2009.0,1069500000.0,False,86460018.0
Viet Nam,Robusta/Arabica,production_kg,2010.0,1200000000.0,False,87455152.0
Viet Nam,Robusta/Arabica,production_kg,2011.0,1590000000.0,False,88468314.0
Viet Nam,Robusta/Arabica,production_kg,2012.0,1404120000.0,False,89510356.0
Viet Nam,Robusta/Arabica,production_kg,2013.0,1656600000.0,False,90573104.0
Viet Nam,Robusta/Arabica,production_kg,2014.0,1634460000.0,False,91679578.0
Viet Nam,Robusta/Arabica,production_kg,2015.0,1865400000.0,False,92823254.0
Viet Nam,Robusta/Arabica,production_kg,2016.0,1669140000.0,False,94000117.0
Viet Nam,Robusta/Arabica,production_kg,2017.0,2005920000.0,False,95176977.0
Viet Nam,Robusta/Arabica,production_kg,2018.0,1816980000.0,False,96237319.0
Viet Nam,Robusta/Arabica,production_kg,2019.0,1829220000.0,False,97173776.0
