year_be,year_ce,planted_area_1000_rai,harvested_area_1000_rai,production_tons,yield_kg_per_rai,farm_gate_price_baht_per_kg,value_of_production_million_baht,forecast_flag
2556,2013,254,249,29922,120,71.16,2129,
2557,2014,215,210,30148,144,64.94,1958,
2558,2015,199,193,17545,91,68.3,1198,
2559,2016,197,191,21821,114,62.38,1361,
2560,2017,194,187,17574,94,82.5,1450,
2561,2018,198,185,14189,77,69.74,990,
2562,2019,173,157,17526,112,67.47,1182,
2563,2020,151,130,11278,87,66.98,755,
2564,2021,146,129,12682,98,66.63,845,
2565,2022,128,130,13772,106,76.74,1057,f
